{
    "61d2b42da1838": {
        "name": "Borussia Dortmund",
        "city": "Dortmund",
        "id": "61d2b42da1838"
    },
    "61d2b67aec052": {
        "name": "FC Bayern M\u00fcnchen",
        "city": "M\u00fcnchen",
        "id": "61d2b67aec052"
    },
    "61d2b690b970a": {
        "name": "FC Barcelona",
        "city": "Barcelona",
        "id": "61d2b690b970a"
    },
    "61d2b6962daaf": {
        "name": "Real Madrid CF",
        "city": "Madrid ",
        "id": "61d2b6962daaf"
    }
}