{
    "619e30b47a24b": {
        "name": "Gergely G\u00e1l",
        "taj": "123 456 789",
        "date": "2020-06-24",
        "type": "Pfizer",
        "agree": true,
        "sex": "male",
        "phone": "06709047319",
        "email": "galgergely252@gmail.com",
        "id": "619e30b47a24b"
    },
    "61cd7f2a3996d": {
        "name": "Gergely G\u00e1l",
        "taj": "233 322 233",
        "date": "2020-10-11",
        "type": "Pfizer",
        "agree": true,
        "sex": "male",
        "phone": "06709047319",
        "email": "galgergely252@gmail.com",
        "id": "61cd7f2a3996d"
    }
}