{
    "61bcc2a17e32f": {
        "idea": "ora",
        "member": "1",
        "status": "new",
        "id": "61bcc2a17e32f"
    },
    "61bcc47e78da0": {
        "idea": "anya feneke",
        "member": "1",
        "status": "new",
        "id": "61bcc47e78da0"
    },
    "61bcc53a5df78": {
        "idea-id": "idea1-id",
        "function-ok": "",
        "id": "61bcc53a5df78"
    },
    "61bcc5424d190": {
        "idea-id": "idea1-id",
        "function-discard": "",
        "id": "61bcc5424d190"
    },
    "61bcc54403a31": {
        "idea-id": "idea1-id",
        "function-ok": "",
        "id": "61bcc54403a31"
    },
    "61bcc5e848b32": {
        "idea": "szalmababu",
        "member": "1",
        "status": "new",
        "id": "61bcc5e848b32"
    },
    "61bcc5eb5317e": {
        "idea-id": "idea1-id",
        "function-ok": "",
        "id": "61bcc5eb5317e"
    }
}